BINARY;BINARY_CLASS;END_DATA;MACHINE-TYPE;BINARY_FLAGS;ARCH_GUESSED;ELF-DATA;MD5SUM;
/logs/firmware/unblob_extracted/firmware_extract/1180160-3904000.squashfs_v4_le_extract/lib/libpthread-0.9.30.so;ELF32;2's complement, big endian;MIPS R3000;0x1007,noreorder,pic,cpic,o32,mips1;;ELF 32-bit MSB shared object, MIPS, MIPS-I version 1 (SYSV), dynamically linked, no section header;4f4cc4b91881e1f365af9f578dfa7a43;
/logs/firmware/unblob_extracted/firmware_extract/1180160-3904000.squashfs_v4_le_extract/lib/libdl-0.9.30.so;ELF32;2's complement, big endian;MIPS R3000;0x1007,noreorder,pic,cpic,o32,mips1;;ELF 32-bit MSB shared object, MIPS, MIPS-I version 1 (SYSV), dynamically linked, interpreter //ld-uClibc.so.0, no section header;d778ca3e1f578571a69b913feeb06536;
/logs/firmware/unblob_extracted/firmware_extract/1180160-3904000.squashfs_v4_le_extract/lib/ld-uClibc-0.9.30.so;ELF32;2's complement, big endian;MIPS R3000;0x1007,noreorder,pic,cpic,o32,mips1;;ELF 32-bit MSB shared object, MIPS, MIPS-I version 1 (SYSV), static-pie linked, no section header;7d44a52e7a051e2ad2a8d4bdf1c702f6;
/logs/firmware/unblob_extracted/firmware_extract/1180160-3904000.squashfs_v4_le_extract/lib/libm-0.9.30.so;ELF32;2's complement, big endian;MIPS R3000;0x1007,noreorder,pic,cpic,o32,mips1;;ELF 32-bit MSB shared object, MIPS, MIPS-I version 1 (SYSV), dynamically linked, no section header;1f9de33579eefe0486b8869995fe570f;
/logs/firmware/unblob_extracted/firmware_extract/1180160-3904000.squashfs_v4_le_extract/lib/libuClibc-0.9.30.so;ELF32;2's complement, big endian;MIPS R3000;0x1007,noreorder,pic,cpic,o32,mips1;;ELF 32-bit MSB shared object, MIPS, MIPS-I version 1 (SYSV), dynamically linked, no section header;b069eea7279982e8da0454efbede7b48;
/logs/firmware/unblob_extracted/firmware_extract/1180160-3904000.squashfs_v4_le_extract/lib/libthreadutil.so.2.2.3;ELF32;2's complement, big endian;MIPS R3000;0x1007,noreorder,pic,cpic,o32,mips1;;ELF 32-bit MSB shared object, MIPS, MIPS-I version 1 (SYSV), dynamically linked, no section header;72ad527d906a4361abda411219116682;
/logs/firmware/unblob_extracted/firmware_extract/1180160-3904000.squashfs_v4_le_extract/lib/libgcc_s_5281.so.1;ELF32;2's complement, big endian;MIPS R3000;0x1007,noreorder,pic,cpic,o32,mips1;;ELF 32-bit MSB shared object, MIPS, MIPS-I version 1 (SYSV), dynamically linked, no section header;9cf1c02635b3f166b1798305568f9f5f;
/logs/firmware/unblob_extracted/firmware_extract/1180160-3904000.squashfs_v4_le_extract/lib/libixml.so.2.0.4;ELF32;2's complement, big endian;MIPS R3000;0x1007,noreorder,pic,cpic,o32,mips1;;ELF 32-bit MSB shared object, MIPS, MIPS-I version 1 (SYSV), dynamically linked, no section header;c7205ee8ec51cbeb7eccaf0071a2e48a;
/logs/firmware/unblob_extracted/firmware_extract/1180160-3904000.squashfs_v4_le_extract/lib/librt-0.9.30.so;ELF32;2's complement, big endian;MIPS R3000;0x1007,noreorder,pic,cpic,o32,mips1;;ELF 32-bit MSB shared object, MIPS, MIPS-I version 1 (SYSV), dynamically linked, no section header;b63024f8fe5b4710a063cde8b4d3fada;
/logs/firmware/unblob_extracted/firmware_extract/1180160-3904000.squashfs_v4_le_extract/lib/modules/2.6.30/kernel/xt_conntrack.ko;ELF32;2's complement, big endian;MIPS R3000;0x1001,noreorder,o32,mips1;  ,GCC: (GNU) 3.4.6-1.3.6,;ELF 32-bit MSB relocatable, MIPS, MIPS-I version 1 (SYSV), not stripped;77888210d67f1c88b6504c1436435ac1;
/logs/firmware/unblob_extracted/firmware_extract/1180160-3904000.squashfs_v4_le_extract/lib/modules/2.6.30/kernel/cls_fw.ko;ELF32;2's complement, big endian;MIPS R3000;0x1001,noreorder,o32,mips1;  ,GCC: (GNU) 3.4.6-1.3.6,;ELF 32-bit MSB relocatable, MIPS, MIPS-I version 1 (SYSV), not stripped;a9b1d93f49319cceefc350da084d1020;
/logs/firmware/unblob_extracted/firmware_extract/1180160-3904000.squashfs_v4_le_extract/lib/modules/2.6.30/kernel/scsi_wait_scan.ko;ELF32;2's complement, big endian;MIPS R3000;0x1001,noreorder,o32,mips1;  ,GCC: (GNU) 3.4.6-1.3.6,;ELF 32-bit MSB relocatable, MIPS, MIPS-I version 1 (SYSV), not stripped;1b551909efd870ba9dcbc9d01608a227;
/logs/firmware/unblob_extracted/firmware_extract/1180160-3904000.squashfs_v4_le_extract/lib/modules/2.6.30/kernel/ipt_REJECT.ko;ELF32;2's complement, big endian;MIPS R3000;0x1001,noreorder,o32,mips1;  ,GCC: (GNU) 3.4.6-1.3.6,;ELF 32-bit MSB relocatable, MIPS, MIPS-I version 1 (SYSV), not stripped;c31ce611d5abb56cc7e964bc2a7d02d6;
/logs/firmware/unblob_extracted/firmware_extract/1180160-3904000.squashfs_v4_le_extract/lib/modules/2.6.30/kernel/nf_nat_tftp.ko;ELF32;2's complement, big endian;MIPS R3000;0x1001,noreorder,o32,mips1;  ,GCC: (GNU) 3.4.6-1.3.6,;ELF 32-bit MSB relocatable, MIPS, MIPS-I version 1 (SYSV), not stripped;d19039bc4c8087244cd88c5fa8e6451d;
/logs/firmware/unblob_extracted/firmware_extract/1180160-3904000.squashfs_v4_le_extract/lib/modules/2.6.30/kernel/nf_conntrack_ftp.ko;ELF32;2's complement, big endian;MIPS R3000;0x1001,noreorder,o32,mips1;  ,GCC: (GNU) 3.4.6-1.3.6,;ELF 32-bit MSB relocatable, MIPS, MIPS-I version 1 (SYSV), not stripped;ff85d7d3d32262fa7d3bc0a2340efae2;
/logs/firmware/unblob_extracted/firmware_extract/1180160-3904000.squashfs_v4_le_extract/lib/modules/2.6.30/kernel/nf_nat_h323.ko;ELF32;2's complement, big endian;MIPS R3000;0x1001,noreorder,o32,mips1;  ,GCC: (GNU) 3.4.6-1.3.6,;ELF 32-bit MSB relocatable, MIPS, MIPS-I version 1 (SYSV), not stripped;dcb560d54c8e9124faa27136d59c5f16;
/logs/firmware/unblob_extracted/firmware_extract/1180160-3904000.squashfs_v4_le_extract/lib/modules/2.6.30/kernel/br_filter.ko;ELF32;2's complement, big endian;MIPS R3000;0x1001,noreorder,o32,mips1;  ,GCC: (GNU) 3.4.6-1.3.6,;ELF 32-bit MSB relocatable, MIPS, MIPS-I version 1 (SYSV), not stripped;98f840b16fd00c1df7eae677ae96526b;
/logs/firmware/unblob_extracted/firmware_extract/1180160-3904000.squashfs_v4_le_extract/lib/modules/2.6.30/kernel/nls_iso8859-1.ko;ELF32;2's complement, big endian;MIPS R3000;0x1001,noreorder,o32,mips1;  ,GCC: (GNU) 3.4.6-1.3.6,;ELF 32-bit MSB relocatable, MIPS, MIPS-I version 1 (SYSV), not stripped;2931609856a10df4144f6c1a21bdba2d;
/logs/firmware/unblob_extracted/firmware_extract/1180160-3904000.squashfs_v4_le_extract/lib/modules/2.6.30/kernel/xt_state.ko;ELF32;2's complement, big endian;MIPS R3000;0x1001,noreorder,o32,mips1;  ,GCC: (GNU) 3.4.6-1.3.6,;ELF 32-bit MSB relocatable, MIPS, MIPS-I version 1 (SYSV), not stripped;465ca5f5ae885e57d2c19d18edd295ff;
/logs/firmware/unblob_extracted/firmware_extract/1180160-3904000.squashfs_v4_le_extract/lib/modules/2.6.30/kernel/pptp.ko;ELF32;2's complement, big endian;MIPS R3000;0x1001,noreorder,o32,mips1;  ,GCC: (GNU) 3.4.6-1.3.6,;ELF 32-bit MSB relocatable, MIPS, MIPS-I version 1 (SYSV), not stripped;039e8d70391f1231223918793f885d95;
/logs/firmware/unblob_extracted/firmware_extract/1180160-3904000.squashfs_v4_le_extract/lib/modules/2.6.30/kernel/nls_utf8.ko;ELF32;2's complement, big endian;MIPS R3000;0x1001,noreorder,o32,mips1;  ,GCC: (GNU) 3.4.6-1.3.6,;ELF 32-bit MSB relocatable, MIPS, MIPS-I version 1 (SYSV), not stripped;677ddafa09309f0da3b77853d33c7066;
/logs/firmware/unblob_extracted/firmware_extract/1180160-3904000.squashfs_v4_le_extract/lib/modules/2.6.30/kernel/sch_sfq.ko;ELF32;2's complement, big endian;MIPS R3000;0x1001,noreorder,o32,mips1;  ,GCC: (GNU) 3.4.6-1.3.6,;ELF 32-bit MSB relocatable, MIPS, MIPS-I version 1 (SYSV), not stripped;69d6f9099ac8b36dcbdd8d3b05b13af5;
/logs/firmware/unblob_extracted/firmware_extract/1180160-3904000.squashfs_v4_le_extract/lib/modules/2.6.30/kernel/ehci-hcd.ko;ELF32;2's complement, big endian;MIPS R3000;0x1001,noreorder,o32,mips1;  ,GCC: (GNU) 3.4.6-1.3.6,;ELF 32-bit MSB relocatable, MIPS, MIPS-I version 1 (SYSV), not stripped;be04d332bf893c41af6cad6a9d7a088d;
/logs/firmware/unblob_extracted/firmware_extract/1180160-3904000.squashfs_v4_le_extract/lib/modules/2.6.30/kernel/xt_mac.ko;ELF32;2's complement, big endian;MIPS R3000;0x1001,noreorder,o32,mips1;  ,GCC: (GNU) 3.4.6-1.3.6,;ELF 32-bit MSB relocatable, MIPS, MIPS-I version 1 (SYSV), not stripped;757bc17f0d5ba1e66aba4bc6c59717d8;
/logs/firmware/unblob_extracted/firmware_extract/1180160-3904000.squashfs_v4_le_extract/lib/modules/2.6.30/kernel/NetUSB.ko;ELF32;2's complement, big endian;MIPS R3000;0x1001,noreorder,o32,mips1;  ,GCC: (GNU) 3.4.6-1.3.6,;ELF 32-bit MSB relocatable, MIPS, MIPS-I version 1 (SYSV), not stripped;eeb24013d65bd53bef960be3787889b6;
/logs/firmware/unblob_extracted/firmware_extract/1180160-3904000.squashfs_v4_le_extract/lib/modules/2.6.30/kernel/nf_nat_proto_gre.ko;ELF32;2's complement, big endian;MIPS R3000;0x1001,noreorder,o32,mips1;  ,GCC: (GNU) 3.4.6-1.3.6,;ELF 32-bit MSB relocatable, MIPS, MIPS-I version 1 (SYSV), not stripped;0350852f6d9bdcac2af91fd0e7ba22b3;
/logs/firmware/unblob_extracted/firmware_extract/1180160-3904000.squashfs_v4_le_extract/lib/modules/2.6.30/kernel/xt_time.ko;ELF32;2's complement, big endian;MIPS R3000;0x1001,noreorder,o32,mips1;  ,GCC: (GNU) 3.4.6-1.3.6,;ELF 32-bit MSB relocatable, MIPS, MIPS-I version 1 (SYSV), not stripped;fb185aa36608ccad917a14d024b73fea;
/logs/firmware/unblob_extracted/firmware_extract/1180160-3904000.squashfs_v4_le_extract/lib/modules/2.6.30/kernel/sch_htb.ko;ELF32;2's complement, big endian;MIPS R3000;0x1001,noreorder,o32,mips1;  ,GCC: (GNU) 3.4.6-1.3.6,;ELF 32-bit MSB relocatable, MIPS, MIPS-I version 1 (SYSV), not stripped;4abe41b0d656384211099871c7814d81;
/logs/firmware/unblob_extracted/firmware_extract/1180160-3904000.squashfs_v4_le_extract/lib/modules/2.6.30/kernel/usbcore.ko;ELF32;2's complement, big endian;MIPS R3000;0x1001,noreorder,o32,mips1;  ,GCC: (GNU) 3.4.6-1.3.6,;ELF 32-bit MSB relocatable, MIPS, MIPS-I version 1 (SYSV), not stripped;079a7e9a9193d0d9c6b67e31d3ca407d;
/logs/firmware/unblob_extracted/firmware_extract/1180160-3904000.squashfs_v4_le_extract/lib/modules/2.6.30/kernel/nf_conntrack_h323.ko;ELF32;2's complement, big endian;MIPS R3000;0x1001,noreorder,o32,mips1;  ,GCC: (GNU) 3.4.6-1.3.6,;ELF 32-bit MSB relocatable, MIPS, MIPS-I version 1 (SYSV), not stripped;45a0009e854f587f88b4f051d16190eb;
/logs/firmware/unblob_extracted/firmware_extract/1180160-3904000.squashfs_v4_le_extract/lib/modules/2.6.30/kernel/pppol2tp.ko;ELF32;2's complement, big endian;MIPS R3000;0x1001,noreorder,o32,mips1;  ,GCC: (GNU) 3.4.6-1.3.6,;ELF 32-bit MSB relocatable, MIPS, MIPS-I version 1 (SYSV), not stripped;2efa30fc90691660e34b6e0320338b79;
/logs/firmware/unblob_extracted/firmware_extract/1180160-3904000.squashfs_v4_le_extract/lib/modules/2.6.30/kernel/nf_nat_rtsp.ko;ELF32;2's complement, big endian;MIPS R3000;0x1001,noreorder,o32,mips1;  ,GCC: (GNU) 3.4.6-1.3.6,;ELF 32-bit MSB relocatable, MIPS, MIPS-I version 1 (SYSV), not stripped;9449de54fab70119bad5fc9047df9bec;
/logs/firmware/unblob_extracted/firmware_extract/1180160-3904000.squashfs_v4_le_extract/lib/modules/2.6.30/kernel/nf_conntrack_rtsp.ko;ELF32;2's complement, big endian;MIPS R3000;0x1001,noreorder,o32,mips1;  ,GCC: (GNU) 3.4.6-1.3.6,;ELF 32-bit MSB relocatable, MIPS, MIPS-I version 1 (SYSV), not stripped;af02a12b5ea58991fd5c2b85d0bd10f5;
/logs/firmware/unblob_extracted/firmware_extract/1180160-3904000.squashfs_v4_le_extract/lib/modules/2.6.30/kernel/nf_conntrack_proto_gre.ko;ELF32;2's complement, big endian;MIPS R3000;0x1001,noreorder,o32,mips1;  ,GCC: (GNU) 3.4.6-1.3.6,;ELF 32-bit MSB relocatable, MIPS, MIPS-I version 1 (SYSV), not stripped;48df2b60edb0d2b1ad8f93f599bfa076;
/logs/firmware/unblob_extracted/firmware_extract/1180160-3904000.squashfs_v4_le_extract/lib/modules/2.6.30/kernel/xt_CLASSIFY.ko;ELF32;2's complement, big endian;MIPS R3000;0x1001,noreorder,o32,mips1;  ,GCC: (GNU) 3.4.6-1.3.6,;ELF 32-bit MSB relocatable, MIPS, MIPS-I version 1 (SYSV), not stripped;1e80612c6a9c62cc6909701e55822e28;
/logs/firmware/unblob_extracted/firmware_extract/1180160-3904000.squashfs_v4_le_extract/lib/modules/2.6.30/kernel/usb-storage.ko;ELF32;2's complement, big endian;MIPS R3000;0x1001,noreorder,o32,mips1;  ,GCC: (GNU) 3.4.6-1.3.6,;ELF 32-bit MSB relocatable, MIPS, MIPS-I version 1 (SYSV), not stripped;7012c63d6cfdc54ca3ac7384eae392ff;
/logs/firmware/unblob_extracted/firmware_extract/1180160-3904000.squashfs_v4_le_extract/lib/modules/2.6.30/kernel/GPL_NetUSB.ko;ELF32;2's complement, big endian;MIPS R3000;0x1001,noreorder,o32,mips1;  ,GCC: (GNU) 3.4.6-1.3.6,;ELF 32-bit MSB relocatable, MIPS, MIPS-I version 1 (SYSV), not stripped;079cad7695f25401e2820183def794b7;
/logs/firmware/unblob_extracted/firmware_extract/1180160-3904000.squashfs_v4_le_extract/lib/modules/2.6.30/kernel/xfrm6_mode_beet.ko;ELF32;2's complement, big endian;MIPS R3000;0x1001,noreorder,o32,mips1;  ,GCC: (GNU) 3.4.6-1.3.6,;ELF 32-bit MSB relocatable, MIPS, MIPS-I version 1 (SYSV), not stripped;8f8ba90a5766739d7e9da76dc29808a9;
/logs/firmware/unblob_extracted/firmware_extract/1180160-3904000.squashfs_v4_le_extract/lib/modules/2.6.30/kernel/cls_basic.ko;ELF32;2's complement, big endian;MIPS R3000;0x1001,noreorder,o32,mips1;  ,GCC: (GNU) 3.4.6-1.3.6,;ELF 32-bit MSB relocatable, MIPS, MIPS-I version 1 (SYSV), not stripped;4400aced43d956d81bc6e835aec36224;
/logs/firmware/unblob_extracted/firmware_extract/1180160-3904000.squashfs_v4_le_extract/lib/modules/2.6.30/kernel/sch_prio.ko;ELF32;2's complement, big endian;MIPS R3000;0x1001,noreorder,o32,mips1;  ,GCC: (GNU) 3.4.6-1.3.6,;ELF 32-bit MSB relocatable, MIPS, MIPS-I version 1 (SYSV), not stripped;1506a7ab24a7e231ebac91dd62ae6a44;
/logs/firmware/unblob_extracted/firmware_extract/1180160-3904000.squashfs_v4_le_extract/lib/modules/2.6.30/kernel/tp_domain.ko;ELF32;2's complement, big endian;MIPS R3000;0x1001,noreorder,o32,mips1;  ,GCC: (GNU) 3.4.6-1.3.6,;ELF 32-bit MSB relocatable, MIPS, MIPS-I version 1 (SYSV), not stripped;a3934e599c963e319ec7b1934f08a5b3;
/logs/firmware/unblob_extracted/firmware_extract/1180160-3904000.squashfs_v4_le_extract/lib/modules/2.6.30/kernel/xt_mark.ko;ELF32;2's complement, big endian;MIPS R3000;0x1001,noreorder,o32,mips1;  ,GCC: (GNU) 3.4.6-1.3.6,;ELF 32-bit MSB relocatable, MIPS, MIPS-I version 1 (SYSV), not stripped;9c7b8f474642cb3bd14c4ea9831a215b;
/logs/firmware/unblob_extracted/firmware_extract/1180160-3904000.squashfs_v4_le_extract/lib/modules/2.6.30/kernel/xt_MARK.ko;ELF32;2's complement, big endian;MIPS R3000;0x1001,noreorder,o32,mips1;  ,GCC: (GNU) 3.4.6-1.3.6,;ELF 32-bit MSB relocatable, MIPS, MIPS-I version 1 (SYSV), not stripped;2390a90e5339fc2b02353ec000f1a5cd;
/logs/firmware/unblob_extracted/firmware_extract/1180160-3904000.squashfs_v4_le_extract/lib/modules/2.6.30/kernel/nf_conntrack_tftp.ko;ELF32;2's complement, big endian;MIPS R3000;0x1001,noreorder,o32,mips1;  ,GCC: (GNU) 3.4.6-1.3.6,;ELF 32-bit MSB relocatable, MIPS, MIPS-I version 1 (SYSV), not stripped;db6151e1ccdf8f075320a4655d9c10da;
/logs/firmware/unblob_extracted/firmware_extract/1180160-3904000.squashfs_v4_le_extract/lib/modules/2.6.30/kernel/tunnel4.ko;ELF32;2's complement, big endian;MIPS R3000;0x1001,noreorder,o32,mips1;  ,GCC: (GNU) 3.4.6-1.3.6,;ELF 32-bit MSB relocatable, MIPS, MIPS-I version 1 (SYSV), not stripped;c5a3ea2fd456e9a461dbbccfaf21370f;
/logs/firmware/unblob_extracted/firmware_extract/1180160-3904000.squashfs_v4_le_extract/lib/modules/2.6.30/kernel/wlan_warn.ko;ELF32;2's complement, big endian;MIPS R3000;0x1001,noreorder,o32,mips1;  ,GCC: (GNU) 3.4.6-1.3.6,;ELF 32-bit MSB relocatable, MIPS, MIPS-I version 1 (SYSV), not stripped;cfebbd6c5f5517e69303d8abbc919a10;
/logs/firmware/unblob_extracted/firmware_extract/1180160-3904000.squashfs_v4_le_extract/lib/modules/2.6.30/kernel/nf_nat_pptp.ko;ELF32;2's complement, big endian;MIPS R3000;0x1001,noreorder,o32,mips1;  ,GCC: (GNU) 3.4.6-1.3.6,;ELF 32-bit MSB relocatable, MIPS, MIPS-I version 1 (SYSV), not stripped;843a9f9015229ca7dd7d578f0c366d88;
/logs/firmware/unblob_extracted/firmware_extract/1180160-3904000.squashfs_v4_le_extract/lib/modules/2.6.30/kernel/ntfs.ko;ELF32;2's complement, big endian;MIPS R3000;0x1001,noreorder,o32,mips1;  ,GCC: (GNU) 3.4.6-1.3.6,;ELF 32-bit MSB relocatable, MIPS, MIPS-I version 1 (SYSV), not stripped;994cb6f5c9699959ebf056d1e7c121d3;
/logs/firmware/unblob_extracted/firmware_extract/1180160-3904000.squashfs_v4_le_extract/lib/modules/2.6.30/kernel/xfrm6_mode_tunnel.ko;ELF32;2's complement, big endian;MIPS R3000;0x1001,noreorder,o32,mips1;  ,GCC: (GNU) 3.4.6-1.3.6,;ELF 32-bit MSB relocatable, MIPS, MIPS-I version 1 (SYSV), not stripped;ad3d51cbb8c082ce6a8cc6aae89522d9;
/logs/firmware/unblob_extracted/firmware_extract/1180160-3904000.squashfs_v4_le_extract/lib/modules/2.6.30/kernel/statistics.ko;ELF32;2's complement, big endian;MIPS R3000;0x1001,noreorder,o32,mips1;  ,GCC: (GNU) 3.4.6-1.3.6,;ELF 32-bit MSB relocatable, MIPS, MIPS-I version 1 (SYSV), not stripped;0f0ca527b39737056ccaf530fac4fa44;
/logs/firmware/unblob_extracted/firmware_extract/1180160-3904000.squashfs_v4_le_extract/lib/modules/2.6.30/kernel/xt_comment.ko;ELF32;2's complement, big endian;MIPS R3000;0x1001,noreorder,o32,mips1;  ,GCC: (GNU) 3.4.6-1.3.6,;ELF 32-bit MSB relocatable, MIPS, MIPS-I version 1 (SYSV), not stripped;4be0749af4f25eae573883ea072e27ca;
/logs/firmware/unblob_extracted/firmware_extract/1180160-3904000.squashfs_v4_le_extract/lib/modules/2.6.30/kernel/rtl8198_gpio.ko;ELF32;2's complement, big endian;MIPS R3000;0x1001,noreorder,o32,mips1;  ,GCC: (GNU) 3.4.6-1.3.6,;ELF 32-bit MSB relocatable, MIPS, MIPS-I version 1 (SYSV), not stripped;f58b9091c9a387c57302f009a0485cbb;
/logs/firmware/unblob_extracted/firmware_extract/1180160-3904000.squashfs_v4_le_extract/lib/modules/2.6.30/kernel/nls_cp850.ko;ELF32;2's complement, big endian;MIPS R3000;0x1001,noreorder,o32,mips1;  ,GCC: (GNU) 3.4.6-1.3.6,;ELF 32-bit MSB relocatable, MIPS, MIPS-I version 1 (SYSV), not stripped;e68fb011fa32de5d52aafd4c731b35e6;
/logs/firmware/unblob_extracted/firmware_extract/1180160-3904000.squashfs_v4_le_extract/lib/modules/2.6.30/kernel/ts_fsm.ko;ELF32;2's complement, big endian;MIPS R3000;0x1001,noreorder,o32,mips1;  ,GCC: (GNU) 3.4.6-1.3.6,;ELF 32-bit MSB relocatable, MIPS, MIPS-I version 1 (SYSV), not stripped;556c7ef08dcd9b059bf75b4a3b0a086d;
/logs/firmware/unblob_extracted/firmware_extract/1180160-3904000.squashfs_v4_le_extract/lib/modules/2.6.30/kernel/ipt_REDIRECT.ko;ELF32;2's complement, big endian;MIPS R3000;0x1001,noreorder,o32,mips1;  ,GCC: (GNU) 3.4.6-1.3.6,;ELF 32-bit MSB relocatable, MIPS, MIPS-I version 1 (SYSV), not stripped;3508cf2af0dc6590917e593fd5d3edaf;
/logs/firmware/unblob_extracted/firmware_extract/1180160-3904000.squashfs_v4_le_extract/lib/modules/2.6.30/kernel/xt_multiport.ko;ELF32;2's complement, big endian;MIPS R3000;0x1001,noreorder,o32,mips1;  ,GCC: (GNU) 3.4.6-1.3.6,;ELF 32-bit MSB relocatable, MIPS, MIPS-I version 1 (SYSV), not stripped;e21c65791573c07f0e922aa1554c3350;
/logs/firmware/unblob_extracted/firmware_extract/1180160-3904000.squashfs_v4_le_extract/lib/modules/2.6.30/kernel/ts_kmp.ko;ELF32;2's complement, big endian;MIPS R3000;0x1001,noreorder,o32,mips1;  ,GCC: (GNU) 3.4.6-1.3.6,;ELF 32-bit MSB relocatable, MIPS, MIPS-I version 1 (SYSV), not stripped;3741dbd0fba0211a58981c2f6979c0b3;
/logs/firmware/unblob_extracted/firmware_extract/1180160-3904000.squashfs_v4_le_extract/lib/modules/2.6.30/kernel/xt_string.ko;ELF32;2's complement, big endian;MIPS R3000;0x1001,noreorder,o32,mips1;  ,GCC: (GNU) 3.4.6-1.3.6,;ELF 32-bit MSB relocatable, MIPS, MIPS-I version 1 (SYSV), not stripped;d92458f6cf9bcf800f2c37a9fb2457a1;
/logs/firmware/unblob_extracted/firmware_extract/1180160-3904000.squashfs_v4_le_extract/lib/modules/2.6.30/kernel/sit.ko;ELF32;2's complement, big endian;MIPS R3000;0x1001,noreorder,o32,mips1;  ,GCC: (GNU) 3.4.6-1.3.6,;ELF 32-bit MSB relocatable, MIPS, MIPS-I version 1 (SYSV), not stripped;b26ed15338b2301a472df6a190aefeeb;
/logs/firmware/unblob_extracted/firmware_extract/1180160-3904000.squashfs_v4_le_extract/lib/modules/2.6.30/kernel/fuse.ko;ELF32;2's complement, big endian;MIPS R3000;0x1001,noreorder,o32,mips1;  ,GCC: (GNU) 3.4.6-1.3.6,;ELF 32-bit MSB relocatable, MIPS, MIPS-I version 1 (SYSV), not stripped;80c7889e3aba8319169c85b0c6963fe6;
/logs/firmware/unblob_extracted/firmware_extract/1180160-3904000.squashfs_v4_le_extract/lib/modules/2.6.30/kernel/nf_conntrack_pptp.ko;ELF32;2's complement, big endian;MIPS R3000;0x1001,noreorder,o32,mips1;  ,GCC: (GNU) 3.4.6-1.3.6,;ELF 32-bit MSB relocatable, MIPS, MIPS-I version 1 (SYSV), not stripped;8503c01afd3be090878d5a9950c77cea;
/logs/firmware/unblob_extracted/firmware_extract/1180160-3904000.squashfs_v4_le_extract/lib/modules/2.6.30/kernel/fat.ko;ELF32;2's complement, big endian;MIPS R3000;0x1001,noreorder,o32,mips1;  ,GCC: (GNU) 3.4.6-1.3.6,;ELF 32-bit MSB relocatable, MIPS, MIPS-I version 1 (SYSV), not stripped;f563785f2cbc68c6859b73e756d37a57;
/logs/firmware/unblob_extracted/firmware_extract/1180160-3904000.squashfs_v4_le_extract/lib/modules/2.6.30/kernel/nf_nat_ftp.ko;ELF32;2's complement, big endian;MIPS R3000;0x1001,noreorder,o32,mips1;  ,GCC: (GNU) 3.4.6-1.3.6,;ELF 32-bit MSB relocatable, MIPS, MIPS-I version 1 (SYSV), not stripped;316744760afdaf232d12b661dac4b99b;
/logs/firmware/unblob_extracted/firmware_extract/1180160-3904000.squashfs_v4_le_extract/lib/modules/2.6.30/kernel/ipt_TRIGGER.ko;ELF32;2's complement, big endian;MIPS R3000;0x1001,noreorder,o32,mips1;  ,GCC: (GNU) 3.4.6-1.3.6,;ELF 32-bit MSB relocatable, MIPS, MIPS-I version 1 (SYSV), not stripped;2fb612a69ea8196def12da87cfb8680b;
/logs/firmware/unblob_extracted/firmware_extract/1180160-3904000.squashfs_v4_le_extract/lib/modules/2.6.30/kernel/xt_TCPMSS.ko;ELF32;2's complement, big endian;MIPS R3000;0x1001,noreorder,o32,mips1;  ,GCC: (GNU) 3.4.6-1.3.6,;ELF 32-bit MSB relocatable, MIPS, MIPS-I version 1 (SYSV), not stripped;c00ec288e22999edce3dd56e7ee18acc;
/logs/firmware/unblob_extracted/firmware_extract/1180160-3904000.squashfs_v4_le_extract/lib/modules/2.6.30/kernel/ipv6.ko;ELF32;2's complement, big endian;MIPS R3000;0x1001,noreorder,o32,mips1;  ,GCC: (GNU) 3.4.6-1.3.6,;ELF 32-bit MSB relocatable, MIPS, MIPS-I version 1 (SYSV), not stripped;fda9ff5e97041966f218a252bb204a41;
/logs/firmware/unblob_extracted/firmware_extract/1180160-3904000.squashfs_v4_le_extract/lib/modules/2.6.30/kernel/tp_kernel_calls.ko;ELF32;2's complement, big endian;MIPS R3000;0x1001,noreorder,o32,mips1;  ,GCC: (GNU) 3.4.6-1.3.6,;ELF 32-bit MSB relocatable, MIPS, MIPS-I version 1 (SYSV), not stripped;f008cfe35703b670622c4df20f6d50ba;
/logs/firmware/unblob_extracted/firmware_extract/1180160-3904000.squashfs_v4_le_extract/lib/modules/2.6.30/kernel/iptable_filter.ko;ELF32;2's complement, big endian;MIPS R3000;0x1001,noreorder,o32,mips1;  ,GCC: (GNU) 3.4.6-1.3.6,;ELF 32-bit MSB relocatable, MIPS, MIPS-I version 1 (SYSV), not stripped;ff66b7d7777c72222dcf9f44d87893d1;
/logs/firmware/unblob_extracted/firmware_extract/1180160-3904000.squashfs_v4_le_extract/lib/modules/2.6.30/kernel/ts_bm.ko;ELF32;2's complement, big endian;MIPS R3000;0x1001,noreorder,o32,mips1;  ,GCC: (GNU) 3.4.6-1.3.6,;ELF 32-bit MSB relocatable, MIPS, MIPS-I version 1 (SYSV), not stripped;001477cf0f2f6a21ed2201304fbd8105;
/logs/firmware/unblob_extracted/firmware_extract/1180160-3904000.squashfs_v4_le_extract/lib/modules/2.6.30/kernel/xfrm6_mode_transport.ko;ELF32;2's complement, big endian;MIPS R3000;0x1001,noreorder,o32,mips1;  ,GCC: (GNU) 3.4.6-1.3.6,;ELF 32-bit MSB relocatable, MIPS, MIPS-I version 1 (SYSV), not stripped;30cefdda13a31108ed2d58a3c3f0156e;
/logs/firmware/unblob_extracted/firmware_extract/1180160-3904000.squashfs_v4_le_extract/lib/modules/2.6.30/kernel/xt_iprange.ko;ELF32;2's complement, big endian;MIPS R3000;0x1001,noreorder,o32,mips1;  ,GCC: (GNU) 3.4.6-1.3.6,;ELF 32-bit MSB relocatable, MIPS, MIPS-I version 1 (SYSV), not stripped;ec4439ec4944ebdc56a247a6b382f4db;
/logs/firmware/unblob_extracted/firmware_extract/1180160-3904000.squashfs_v4_le_extract/lib/modules/2.6.30/kernel/vfat.ko;ELF32;2's complement, big endian;MIPS R3000;0x1001,noreorder,o32,mips1;  ,GCC: (GNU) 3.4.6-1.3.6,;ELF 32-bit MSB relocatable, MIPS, MIPS-I version 1 (SYSV), not stripped;56018510dd2d3a2bd6c586e6e9c8055b;
/logs/firmware/unblob_extracted/firmware_extract/1180160-3904000.squashfs_v4_le_extract/lib/modules/2.6.30/kernel/ohci-hcd.ko;ELF32;2's complement, big endian;MIPS R3000;0x1001,noreorder,o32,mips1;  ,GCC: (GNU) 3.4.6-1.3.6,;ELF 32-bit MSB relocatable, MIPS, MIPS-I version 1 (SYSV), not stripped;9d478674e68dea212ef3da6ac67fe017;
/logs/firmware/unblob_extracted/firmware_extract/1180160-3904000.squashfs_v4_le_extract/lib/modules/2.6.30/kernel/usbmon.ko;ELF32;2's complement, big endian;MIPS R3000;0x1001,noreorder,o32,mips1;  ,GCC: (GNU) 3.4.6-1.3.6,;ELF 32-bit MSB relocatable, MIPS, MIPS-I version 1 (SYSV), not stripped;8e29f196c1bf77ae39ac06634f79da83;
/logs/firmware/unblob_extracted/firmware_extract/1180160-3904000.squashfs_v4_le_extract/lib/modules/2.6.30/kernel/ipt_multiurl.ko;ELF32;2's complement, big endian;MIPS R3000;0x1001,noreorder,o32,mips1;  ,GCC: (GNU) 3.4.6-1.3.6,;ELF 32-bit MSB relocatable, MIPS, MIPS-I version 1 (SYSV), not stripped;86b0d0f0b776ce7190f820bcae40980a;
/logs/firmware/unblob_extracted/firmware_extract/1180160-3904000.squashfs_v4_le_extract/lib/libutil-0.9.30.so;ELF32;2's complement, big endian;MIPS R3000;0x1007,noreorder,pic,cpic,o32,mips1;;ELF 32-bit MSB shared object, MIPS, MIPS-I version 1 (SYSV), dynamically linked, no section header;3091d414addeddd0084e5ed3f1d4393d;
/logs/firmware/unblob_extracted/firmware_extract/1180160-3904000.squashfs_v4_le_extract/lib/libnsl-0.9.30.so;ELF32;2's complement, big endian;MIPS R3000;0x1007,noreorder,pic,cpic,o32,mips1;;ELF 32-bit MSB shared object, MIPS, MIPS-I version 1 (SYSV), dynamically linked, no section header;99695ee905335203a5dd0c2c452ad623;
/logs/firmware/unblob_extracted/firmware_extract/1180160-3904000.squashfs_v4_le_extract/lib/libupnp.so.3.0.5;ELF32;2's complement, big endian;MIPS R3000;0x1007,noreorder,pic,cpic,o32,mips1;;ELF 32-bit MSB shared object, MIPS, MIPS-I version 1 (SYSV), dynamically linked, no section header;55fa00da56d052f514907614b1c847c8;
/logs/firmware/unblob_extracted/firmware_extract/1180160-3904000.squashfs_v4_le_extract/lib/libcrypt-0.9.30.so;ELF32;2's complement, big endian;MIPS R3000;0x1007,noreorder,pic,cpic,o32,mips1;;ELF 32-bit MSB shared object, MIPS, MIPS-I version 1 (SYSV), dynamically linked, no section header;0a7ec279ed960acf063a9a240595e4c8;
/logs/firmware/unblob_extracted/firmware_extract/1180160-3904000.squashfs_v4_le_extract/lib/libntfs-3g.so.83.0.0;ELF32;2's complement, big endian;MIPS R3000;0x1007,noreorder,pic,cpic,o32,mips1;;ELF 32-bit MSB shared object, MIPS, MIPS-I version 1 (SYSV), dynamically linked, no section header;52abd3123f08a7eea012fe47d87d0990;
/logs/firmware/unblob_extracted/firmware_extract/1180160-3904000.squashfs_v4_le_extract/lib/libmsglog.so;ELF32;2's complement, big endian;MIPS R3000;0x1007,noreorder,pic,cpic,o32,mips1;;ELF 32-bit MSB shared object, MIPS, MIPS-I version 1 (SYSV), dynamically linked, no section header;f24d374b8614cf431826e8744a309ebe;
/logs/firmware/unblob_extracted/firmware_extract/1180160-3904000.squashfs_v4_le_extract/lib/libresolv-0.9.30.so;ELF32;2's complement, big endian;MIPS R3000;0x1007,noreorder,pic,cpic,o32,mips1;;ELF 32-bit MSB shared object, MIPS, MIPS-I version 1 (SYSV), dynamically linked, no section header;1e04e46e30a276f22815c5e7ac8728c2;
/logs/firmware/unblob_extracted/firmware_extract/1180160-3904000.squashfs_v4_le_extract/usr/bin/ushare;ELF32;2's complement, big endian;MIPS R3000;0x1007,noreorder,pic,cpic,o32,mips1;;ELF 32-bit MSB executable, MIPS, MIPS-I version 1 (SYSV), dynamically linked, interpreter /lib/ld-uClibc.so.0, no section header;4de6aed38c7bf258f0c3948fb43d7a5c;
/logs/firmware/unblob_extracted/firmware_extract/1180160-3904000.squashfs_v4_le_extract/usr/bin/httpd;ELF32;2's complement, big endian;MIPS R3000;0x1007,noreorder,pic,cpic,o32,mips1;;ELF 32-bit MSB executable, MIPS, MIPS-I version 1 (SYSV), dynamically linked, interpreter /lib/ld-uClibc.so.0, no section header;1072a92a7a1133cd6c69ea0cbed2ea51;
/logs/firmware/unblob_extracted/firmware_extract/1180160-3904000.squashfs_v4_le_extract/usr/sbin/dhcp6s;ELF32;2's complement, big endian;MIPS R3000;0x1007,noreorder,pic,cpic,o32,mips1;;ELF 32-bit MSB executable, MIPS, MIPS-I version 1 (SYSV), dynamically linked, interpreter /lib/ld-uClibc.so.0, no section header;dfe4c9c5b9406228e8de75850b84c7d2;
/logs/firmware/unblob_extracted/firmware_extract/1180160-3904000.squashfs_v4_le_extract/usr/sbin/xl2tpd;ELF32;2's complement, big endian;MIPS R3000;0x1007,noreorder,pic,cpic,o32,mips1;;ELF 32-bit MSB executable, MIPS, MIPS-I version 1 (SYSV), dynamically linked, interpreter /lib/ld-uClibc.so.0, no section header;b822140b35be18138a79cfcc933241f8;
/logs/firmware/unblob_extracted/firmware_extract/1180160-3904000.squashfs_v4_le_extract/usr/sbin/radvd;ELF32;2's complement, big endian;MIPS R3000;0x1007,noreorder,pic,cpic,o32,mips1;;ELF 32-bit MSB executable, MIPS, MIPS-I version 1 (SYSV), dynamically linked, interpreter /lib/ld-uClibc.so.0, no section header;be3720e47bf3139df3654c96752191f4;
/logs/firmware/unblob_extracted/firmware_extract/1180160-3904000.squashfs_v4_le_extract/usr/sbin/ip;ELF32;2's complement, big endian;MIPS R3000;0x1007,noreorder,pic,cpic,o32,mips1;;ELF 32-bit MSB executable, MIPS, MIPS-I version 1 (SYSV), dynamically linked, interpreter /lib/ld-uClibc.so.0, no section header;02106ca864210c89dcd104075efd6d02;
/logs/firmware/unblob_extracted/firmware_extract/1180160-3904000.squashfs_v4_le_extract/usr/sbin/pppd;ELF32;2's complement, big endian;MIPS R3000;0x1007,noreorder,pic,cpic,o32,mips1;;ELF 32-bit MSB executable, MIPS, MIPS-I version 1 (SYSV), dynamically linked, interpreter /lib/ld-uClibc.so.0, no section header;30ba4cb352f06a932ea12641744f4ed3;
/logs/firmware/unblob_extracted/firmware_extract/1180160-3904000.squashfs_v4_le_extract/usr/sbin/smbd;ELF32;2's complement, big endian;MIPS R3000;0x1007,noreorder,pic,cpic,o32,mips1;;ELF 32-bit MSB executable, MIPS, MIPS-I version 1 (SYSV), dynamically linked, interpreter /lib/ld-uClibc.so.0, no section header;393286a9852faca47998ef6d3bf8c341;
/logs/firmware/unblob_extracted/firmware_extract/1180160-3904000.squashfs_v4_le_extract/usr/sbin/bpalogin;ELF32;2's complement, big endian;MIPS R3000;0x1007,noreorder,pic,cpic,o32,mips1;;ELF 32-bit MSB executable, MIPS, MIPS-I version 1 (SYSV), dynamically linked, interpreter /lib/ld-uClibc.so.0, no section header;399c60c1ada1b67ac518275e735feb72;
/logs/firmware/unblob_extracted/firmware_extract/1180160-3904000.squashfs_v4_le_extract/usr/sbin/dhcp6ctl;ELF32;2's complement, big endian;MIPS R3000;0x1007,noreorder,pic,cpic,o32,mips1;;ELF 32-bit MSB executable, MIPS, MIPS-I version 1 (SYSV), dynamically linked, interpreter /lib/ld-uClibc.so.0, no section header;8d56c2191c6615b3427343788a896cb0;
/logs/firmware/unblob_extracted/firmware_extract/1180160-3904000.squashfs_v4_le_extract/usr/sbin/radvdctl;ELF32;2's complement, big endian;MIPS R3000;0x1007,noreorder,pic,cpic,o32,mips1;;ELF 32-bit MSB executable, MIPS, MIPS-I version 1 (SYSV), dynamically linked, interpreter /lib/ld-uClibc.so.0, no section header;729c0bf5bb8e123dc015a1ec588c079c;
/logs/firmware/unblob_extracted/firmware_extract/1180160-3904000.squashfs_v4_le_extract/usr/sbin/ping6;ELF32;2's complement, big endian;MIPS R3000;0x1007,noreorder,pic,cpic,o32,mips1;;ELF 32-bit MSB executable, MIPS, MIPS-I version 1 (SYSV), dynamically linked, interpreter /lib/ld-uClibc.so.0, no section header;02e3de3d03ee07b7206dc36bca99036b;
/logs/firmware/unblob_extracted/firmware_extract/1180160-3904000.squashfs_v4_le_extract/usr/sbin/vsftpd;ELF32;2's complement, big endian;MIPS R3000;0x1007,noreorder,pic,cpic,o32,mips1;;ELF 32-bit MSB executable, MIPS, MIPS-I version 1 (SYSV), dynamically linked, interpreter /lib/ld-uClibc.so.0, no section header;b7c48788a5f08e9c14520c12d78570e3;
/logs/firmware/unblob_extracted/firmware_extract/1180160-3904000.squashfs_v4_le_extract/usr/sbin/dhcp6c;ELF32;2's complement, big endian;MIPS R3000;0x1007,noreorder,pic,cpic,o32,mips1;;ELF 32-bit MSB executable, MIPS, MIPS-I version 1 (SYSV), dynamically linked, interpreter /lib/ld-uClibc.so.0, no section header;cc5bb44af5c9ceb0e75b76ede325731e;
/logs/firmware/unblob_extracted/firmware_extract/1180160-3904000.squashfs_v4_le_extract/bin/tc;ELF32;2's complement, big endian;MIPS R3000;0x1007,noreorder,pic,cpic,o32,mips1;;ELF 32-bit MSB executable, MIPS, MIPS-I version 1 (SYSV), dynamically linked, interpreter /lib/ld-uClibc.so.0, no section header;82d1fb69fd907da936da720ac1e2ccca;
/logs/firmware/unblob_extracted/firmware_extract/1180160-3904000.squashfs_v4_le_extract/bin/lld2d;ELF32;2's complement, big endian;MIPS R3000;0x1007,noreorder,pic,cpic,o32,mips1;;ELF 32-bit MSB executable, MIPS, MIPS-I version 1 (SYSV), dynamically linked, interpreter /lib/ld-uClibc.so.0, no section header;9b9a5df044cc51b2e3538c20b21b7355;
/logs/firmware/unblob_extracted/firmware_extract/1180160-3904000.squashfs_v4_le_extract/bin/iwcontrol;ELF32;2's complement, big endian;MIPS R3000;0x1007,noreorder,pic,cpic,o32,mips1;;ELF 32-bit MSB executable, MIPS, MIPS-I version 1 (SYSV), dynamically linked, interpreter /lib/ld-uClibc.so.0, no section header;4cf9b537bd2d877cd2a009ec4d057eb2;
/logs/firmware/unblob_extracted/firmware_extract/1180160-3904000.squashfs_v4_le_extract/bin/auth;ELF32;2's complement, big endian;MIPS R3000;0x1007,noreorder,pic,cpic,o32,mips1;;ELF 32-bit MSB executable, MIPS, MIPS-I version 1 (SYSV), dynamically linked, interpreter /lib/ld-uClibc.so.0, no section header;3071ac2bf095ea66913e03a568f12900;
/logs/firmware/unblob_extracted/firmware_extract/1180160-3904000.squashfs_v4_le_extract/bin/iptables;ELF32;2's complement, big endian;MIPS R3000;0x1007,noreorder,pic,cpic,o32,mips1;;ELF 32-bit MSB executable, MIPS, MIPS-I version 1 (SYSV), dynamically linked, interpreter /lib/ld-uClibc.so.0, no section header;b92a4667b520b009594780de2fbc5c19;
/logs/firmware/unblob_extracted/firmware_extract/1180160-3904000.squashfs_v4_le_extract/bin/iapp;ELF32;2's complement, big endian;MIPS R3000;0x1007,noreorder,pic,cpic,o32,mips1;;ELF 32-bit MSB executable, MIPS, MIPS-I version 1 (SYSV), dynamically linked, interpreter /lib/ld-uClibc.so.0, no section header;261d4289632e722f42d2cef0120089b9;
/logs/firmware/unblob_extracted/firmware_extract/1180160-3904000.squashfs_v4_le_extract/bin/iwpriv;ELF32;2's complement, big endian;MIPS R3000;0x1007,noreorder,pic,cpic,o32,mips1;;ELF 32-bit MSB executable, MIPS, MIPS-I version 1 (SYSV), dynamically linked, interpreter /lib/ld-uClibc.so.0, no section header;8993fac17c1806273aac0b8e8eca8392;
/logs/firmware/unblob_extracted/firmware_extract/1180160-3904000.squashfs_v4_le_extract/bin/acltd;ELF32;2's complement, big endian;MIPS R3000;0x1007,noreorder,pic,cpic,o32,mips1;  ,GCC: (GNU) 3.2.3-1.2.11,GCC: (GNU) 3.3.2,;ELF 32-bit MSB executable, MIPS, MIPS-I version 1 (SYSV), dynamically linked, interpreter /lib/ld-uClibc.so.0, stripped;733c8731ee5e56d29982064cc8b13d4a;
/logs/firmware/unblob_extracted/firmware_extract/1180160-3904000.squashfs_v4_le_extract/bin/busybox;ELF32;2's complement, big endian;MIPS R3000;0x1007,noreorder,pic,cpic,o32,mips1;;ELF 32-bit MSB executable, MIPS, MIPS-I version 1 (SYSV), dynamically linked, interpreter /lib/ld-uClibc.so.0, no section header;d2882f96c21614964b5f4f2f48b3c443;
/logs/firmware/unblob_extracted/firmware_extract/1180160-3904000.squashfs_v4_le_extract/bin/ntfs-3g;ELF32;2's complement, big endian;MIPS R3000;0x1007,noreorder,pic,cpic,o32,mips1;;ELF 32-bit MSB executable, MIPS, MIPS-I version 1 (SYSV), dynamically linked, interpreter /lib/ld-uClibc.so.0, no section header;80f31787dc0b07f9e30943c7d1639648;
/logs/firmware/unblob_extracted/firmware_extract/1180160-3904000.squashfs_v4_le_extract/bin/wscd;ELF32;2's complement, big endian;MIPS R3000;0x1007,noreorder,pic,cpic,o32,mips1;;ELF 32-bit MSB executable, MIPS, MIPS-I version 1 (SYSV), dynamically linked, interpreter /lib/ld-uClibc.so.0, no section header;e1c4abd725712a43355eed278257bb01;
/logs/firmware/unblob_extracted/firmware_extract/1180160-3904000.squashfs_v4_le_extract/sbin/usbp;ELF32;2's complement, big endian;MIPS R3000;0x1007,noreorder,pic,cpic,o32,mips1;;ELF 32-bit MSB executable, MIPS, MIPS-I version 1 (SYSV), dynamically linked, interpreter /lib/ld-uClibc.so.0, no section header;97a7fd8e62b3db7720fa79c6ed3a629d;
